{"cameraMode":{"drawMode":0,"name":"Shaded","section":"Shading Mode"},"sceneLighting":true,"audioPlay":false,"sceneViewState":{"showFog":true,"showMaterialUpdate":false,"showSkybox":true,"showFlares":true,"showImageEffects":true,"showParticleSystems":true},"in2DMode":false,"pivot":{"x":-7.921882152557373,"y":-0.7419123649597168,"z":19.822967529296876},"rotation":{"x":0.0828232616186142,"y":-0.24292106926441194,"z":0.020822569727897645,"w":0.9662795066833496},"size":29.454103469848634,"orthographic":false}