{"cameraMode":{"drawMode":0,"name":"Shaded","section":"Shading Mode"},"sceneLighting":true,"audioPlay":false,"sceneViewState":{"showFog":true,"showMaterialUpdate":false,"showSkybox":true,"showFlares":true,"showImageEffects":true,"showParticleSystems":true},"in2DMode":false,"pivot":{"x":2.7272984981536867,"y":-13.778603553771973,"z":24.025461196899415},"rotation":{"x":-0.09783802926540375,"y":0.9021453261375427,"z":-0.29997119307518008,"w":-0.294242799282074},"size":67.1584243774414,"orthographic":false}