{"cameraMode":{"drawMode":0,"name":"Shaded","section":"Shading Mode"},"sceneLighting":true,"audioPlay":false,"sceneViewState":{"showFog":true,"showMaterialUpdate":false,"showSkybox":true,"showFlares":true,"showImageEffects":true,"showParticleSystems":true},"in2DMode":false,"pivot":{"x":2.536630153656006,"y":2.2802817821502687,"z":12.978671073913575},"rotation":{"x":0.12723813951015473,"y":0.3994593620300293,"z":-0.0560900904238224,"w":0.906143844127655},"size":27.416030883789064,"orthographic":false}