{"cameraMode":{"drawMode":0,"name":"Shaded","section":"Shading Mode"},"sceneLighting":true,"audioPlay":false,"sceneViewState":{"showFog":true,"showMaterialUpdate":false,"showSkybox":true,"showFlares":true,"showImageEffects":true,"showParticleSystems":true},"in2DMode":false,"pivot":{"x":0.3026390075683594,"y":1.144606590270996,"z":-5.69555139541626},"rotation":{"x":0.1375989019870758,"y":0.6501906514167786,"z":-0.12134286761283875,"w":0.7372886538505554},"size":17.241756439208986,"orthographic":false}