{"cameraMode":{"drawMode":0,"name":"Shaded","section":"Shading Mode"},"sceneLighting":true,"audioPlay":false,"sceneViewState":{"showFog":true,"showMaterialUpdate":false,"showSkybox":true,"showFlares":true,"showImageEffects":true,"showParticleSystems":true},"in2DMode":false,"pivot":{"x":6.9456071853637699,"y":-0.26554399728775027,"z":14.760601043701172},"rotation":{"x":0.19481384754180909,"y":-0.06497092545032501,"z":0.012934871017932892,"w":0.9786005616188049},"size":33.080257415771487,"orthographic":false}